{
	"customTemplates": [
		{
			"name": "blank",
			"postTypes": [
				"page",
				"post"
			],
			"title": "Blank"
		}
	],
	"settings": {
		"appearanceTools": true,
		"color": {
			"palette": [
				{
					"color": "#bb0b00",
					"name": "primary",
					"slug": "custom-primary"
				},
				{
					"color": "#980000",
					"name": "primary-1",
					"slug": "custom-primary-1"
				},
				{
					"color": "#008acf",
					"name": "secondary",
					"slug": "custom-secondary"
				},
				{
					"color": "#0071aa",
					"name": "secondary-1",
					"slug": "custom-secondary-1"
				},
				{
					"color": "#ff7628",
					"name": "accent",
					"slug": "custom-accent"
				},
				{
					"color": "#ffffff",
					"name": "background",
					"slug": "custom-background"
				},
				{
					"color": "#f5f5f5",
					"name": "background-1",
					"slug": "custom-background-1"
				},
				{
					"color": "#1a1a1a",
					"name": "contrast",
					"slug": "custom-contrast"
				}
			]
		},
		"layout": {
			"contentSize": "60rem",
			"wideSize": "90rem"
		},
		"spacing": {
			"customSpacingSize": true,
			"spacingSizes": [
				{
					"name": "Extra Extra Extra Small",
					"size": "clamp(0.3125rem, 0.3125rem + 0vi, 0.3125rem)",
					"slug": "3xs"
				},
				{
					"name": "Extra Extra Small",
					"size": "clamp(0.5625rem, 2.5625rem + -2.5vi, 0.625rem)",
					"slug": "2xs"
				},
				{
					"name": "Extra Small",
					"size": "clamp(0.875rem, 2.875rem + -2.5vi, 0.9375rem)",
					"slug": "xs"
				},
				{
					"name": "Small",
					"size": "clamp(1.125rem, 5.125rem + -5vi, 1.25rem)",
					"slug": "s"
				},
				{
					"name": "Medium",
					"size": "clamp(1.6875rem, 7.6875rem + -7.5vi, 1.875rem)",
					"slug": "m"
				},
				{
					"name": "Large",
					"size": "clamp(2.25rem, 10.25rem + -10vi, 2.5rem)",
					"slug": "l"
				},
				{
					"name": "Extra Large",
					"size": "clamp(3.375rem, 15.375rem + -15vi, 3.75rem)",
					"slug": "xl"
				}
			],
			"units": [
				"%",
				"px",
				"em",
				"rem",
				"vh",
				"vw"
			]
		},
		"typography": {
			"fluid": {
				"maxViewportWidth": "75rem",
				"minFontSize": ".75rem",
				"minViewportWidth": "30rem"
			},
			"fontFamilies": [
				{
					"fontFamily": "-apple-system, BlinkMacSystemFont, 'Segoe UI', Roboto, Oxygen-Sans, Ubuntu, Cantarell, 'Helvetica Neue', sans-serif",
					"name": "System Font",
					"slug": "system-font"
				},
				{
					"fontFace": [
						{
							"fontFamily": "Roboto",
							"fontStyle": "normal",
							"fontWeight": "500",
							"src": [
								"file:./assets/fonts/KFOlCnqEu92Fr1MmEU9vBh05IsDqlA.woff2"
							]
						}
					],
					"fontFamily": "Roboto, sans-serif",
					"name": "Roboto",
					"slug": "roboto"
				}
			],
			"fontSizes": [
				{
					"fluid": {
						"max": "1rem",
						"min": "0.875rem"
					},
					"name": "Small",
					"size": "0.875rem",
					"slug": "small"
				},
				{
					"fluid": {
						"max": "1.125rem",
						"min": "1rem"
					},
					"name": "Medium",
					"size": "1rem",
					"slug": "medium"
				},
				{
					"fluid": {
						"max": "1.25rem",
						"min": "1.125rem"
					},
					"name": "Large",
					"size": "1.125rem",
					"slug": "large"
				},
				{
					"fluid": {
						"max": "1.5rem",
						"min": "1.25rem"
					},
					"name": "X-Large",
					"size": "1.25rem",
					"slug": "x-large"
				},
				{
					"fluid": {
						"max": "2rem",
						"min": "1.5rem"
					},
					"name": "XX-Large",
					"size": "1.5rem",
					"slug": "xx-large"
				}
			],
			"fontWeight": true
		},
		"useRootPaddingAwareAlignments": true
	},
	"styles": {
		"blocks": {
			"core/categories": {
				"elements": {
					"caption": {
						"typography": {
							"fontFamily": "var(--wp--preset--font-family--roboto)"
						}
					},
					"heading": {
						"shadow": "0 0 0 0.2rem red"
					}
				},
				"typography": {
					"fontFamily": "var(--wp--preset--font-family--roboto)",
					"fontWeight": "400",
					"lineHeight": "1.5"
				}
			}
		},
		"color": {
			"text": "var(--wp--preset--color--custom-contrast)"
		},
		"elements": {
			"button": {
				":active": {
					"color": {
						"background": "var(--wp--preset--color--custom-secondary-1)"
					}
				},
				":focus": {
					"color": {
						"background": "var(--wp--preset--color--custom-secondary-1)"
					}
				},
				":hover": {
					"color": {
						"background": "var(--wp--preset--color--custom-secondary-1)"
					}
				},
				"color": {
					"background": "var(--wp--preset--color--custom-secondary)"
				},
				"typography": {
					"fontFamily": "var(--wp--preset--font-family--roboto)",
					"fontSize": "var(--wp--preset--font-size--small)"
				}
			},
			"caption": {
				"typography": {
					"fontFamily": "var(--wp--preset--font-family--roboto)"
				}
			},
			"h1": {
				"typography": {
					"fontFamily": "var(--wp--preset--font-family--roboto)",
					"fontSize": "var(--wp--preset--font-size--xx-large)",
					"lineHeight": "1.4"
				}
			},
			"h2": {
				"typography": {
					"fontFamily": "var(--wp--preset--font-family--roboto)",
					"fontSize": "var(--wp--preset--font-size--xx-large)",
					"lineHeight": "1.4"
				}
			},
			"h3": {
				"typography": {
					"fontFamily": "var(--wp--preset--font-family--roboto)",
					"fontSize": "var(--wp--preset--font-size--x-large)"
				}
			},
			"h4": {
				"typography": {
					"lineHeight": "1.6"
				}
			},
			"h5": {
				"typography": {
					"lineHeight": "1.6"
				}
			},
			"h6": {
				"typography": {
					"lineHeight": "1.6"
				}
			},
			"heading": {
				"typography": {
					"fontFamily": "var(--wp--preset--font-family--roboto)",
					"fontStyle": "normal",
					"fontWeight": "400"
				}
			},
			"link": {
				"color": {
					"text": "var(--wp--preset--color--custom-secondary)"
				},
				"typography": {
					"fontFamily": "var(--wp--preset--font-family--roboto)",
					"fontSize": "var(--wp--preset--font-size--medium)",
					"fontStyle": "normal",
					"fontWeight": "400",
					"textDecoration": "none"
				}
			}
		},
		"spacing": {
			"blockGap": "var(--wp--preset--spacing--m)",
			"margin": {
				"bottom": "0px",
				"left": "0px",
				"right": "0px",
				"top": "0px"
			},
			"padding": {
				"bottom": "0px",
				"left": "0px",
				"right": "0px",
				"top": "0px"
			}
		},
		"typography": {
			"fontFamily": "var(--wp--preset--font-family--roboto)",
			"fontSize": "var(--wp--preset--font-size--medium)",
			"lineHeight": 1.6
		}
	},
	"templateParts": [
		{
			"area": "header",
			"name": "header"
		},
		{
			"area": "footer",
			"name": "footer"
		}
	],
	"version": 2,
	"$schema": "https://schemas.wp.org/wp/6.5/theme.json"
}